id,name
ced9cb9f2dde370005c5f4f4,Petro
c21aa6f355e216d78c5ab153,Uribe
c6ed57df3fe3a01c82eb4289,Lopez
050b6c158d8a4b1f304f4a40,Lopez
b03060e9923a63e22d598d63,Uribe
409ed3a699a4b0ccc663d916,Lopez
17be18b87232fc117388fb97,Uribe
0e61ffbc7d01b00d97131641,Lopez
d5b8a7e18a905c129f7417d6,Lopez
1ee32931ae44ec708be4eb07,Uribe
2b11c4de00d856965847ab5a,Petro
8ac71b49bb48cde8b4d29cd0,Uribe
e048aba2f4dde9f5e72841d9,Lopez
8c06e83614d15debb9f72ab0,Uribe
a50b60c1bdcbc2de477d6617,Petro
1f50195da4ef590fe8427744,Uribe
e51dbcab949531806b815be2,Lopez
c042510bcbbdcca32103704c,Petro
e516fb62fc3b07b9ca005645,Lopez
d07dbd5a92dc5d525cedad0d,Lopez
3605274e4933943877e89f07,Petro
2c335160e587906f434a11bc,Uribe
a1391d15bc0af498eba60961,Petro
ede8cf1be7629cceb545f6f4,Petro
53ba65d486ce4dfa51b75d18,Uribe
e2e33b3a5aa44961ec594071,Lopez
832cd14160bb87f60f0b0509,Petro
22cbc2c6b4ca7945471f9e79,Petro
c23e3e8119d356a25959cc6c,Lopez
57cbb5379872baeaa20629d8,Uribe
cb57c37f1a4f92fd2daab34e,Petro
412ac5cbbb1132dee57870f9,Uribe
8afbbc56d790b93d94e42e93,Petro
9cc033c604f1155e677587f0,Lopez
8b32ab5652ca74eae68f1a75,Uribe
58acafc96f5143640d0eced4,Lopez
8799c6c15d0ba6599b6363cb,Uribe
d1b1343f9dc9bfb417411a57,Uribe
e33df1d96fb8eccb0b921ede,Petro
36a32eb526d8bf23f1883af6,Petro
eed9f0b50130518525198c2d,Petro
ebbc834a520822a2d810d23f,Lopez
28802a5f5f8845ad3a1068a4,Petro
f9e3655f3591931a66d8aa45,Lopez
fff465427002549d104a9d99,Uribe
148065e9790c5aa960ef8f9a,Petro
8b546fb1481904e04a1d69b7,Uribe
7538eda3b9f742310e07eab9,Uribe
d5dffa1e329695eec2ef1748,Lopez
4e6805692223d58bddfa17d0,Lopez
15c4a2ac6cf3d07c1d092c17,Uribe
cd0d8230e3ab5c2b6a3b8888,Uribe
a6c7736d29f9145a834a5577,Lopez
cf64a6a7dec8f1aa195c4cb4,Lopez
ac5e5d16a3d571aa2350eb75,Petro
5d0130d10ce8a3919848336d,Lopez
44400de4d86e9c4dfd388691,Petro
3d4604c2fe0e71dc031b2d27,Lopez
ba94d6cfe22c455b2643f986,Petro
ada107f923abb592bfb1e93a,Lopez
9c00adc19f65652daade63c9,Lopez
6d6a61280f67cef53e949c58,Petro
9bb5e00849e8415357702277,Lopez
11194624695f9d8877101a1e,Lopez
17ceb86a6f4ce02a6ae4a699,Petro
7601b22dd7f11e99aa2de1b8,Uribe
353488fe7a9c366b6e9f17c4,Lopez
411fab69c46494dbe15a12b1,Petro
f8c34d9af38b0c4e9609dec1,Petro
ca08086189c935af437ba5ed,Uribe
6cf14a9ff25e8c3904e9c23d,Uribe
49b84654c09e068a148c5c6b,Petro
e7250f92db1ecc444dd3058d,Uribe
b9006a424f8061b85f07b17a,Lopez
7508deff955b259c3b741431,Petro
08beb565416dd0b72d578bea,Lopez
ab523ba2c20607accd1c97f8,Petro
9950bdc11bef6731129e1d18,Lopez
130ac18813282bf128dfb5c6,Uribe
cb7e696ee6143174e44f8dd4,Uribe
6ab3e5aee3df5163dd3cb97c,Petro
a89e32c151d9636759b876f6,Uribe
bdf2f58b4d1dade4b3ab1494,Lopez
c5087e4e77dded38330ead6d,Petro
4c6325c4e8648a911a029827,Uribe
542c7b1afd8e022af5831aa8,Petro
56204f7d1ae64dcd3e80176e,Lopez
64cf045b2572054885ece48d,Petro
239ddfaeed89094f37d38d16,Petro
35238596fc94437c56b02ccc,Uribe
9a62ba8a581bafe9e9ac16e8,Petro
904079905c7fc4d689f7834f,Lopez
953a484841c5cf50131cc0e7,Uribe
80c776fc45ad9e531866a283,Uribe
680a1164bf5df815c9f12232,Petro
8856f326ca6decc6ee6d2a6e,Uribe
47496df9af2bc2c86537c7b1,Petro
6a1026fd5b0058ec8233e6c5,Petro
130a4dc2421299ef77f0a8e0,Uribe
5d514f98db87ba1c8a24bca5,Lopez
81a4af1b6fc7e2fe70a7beea,Lopez
468789df42f5b5c75a6dbf2e,Lopez
7da1342cc577da5e7110b9cb,Lopez
50fb5344efc105ade2995c38,Uribe
ed7d3ffb5bd6e6af762b5bac,Petro
0884fa56c61601f42b1b0fb6,Petro
ce5eb63ec6d9d35758a8af6f,Lopez
8911a31270d2a9e28cac6662,Uribe
2068e85f5bfc6033b8dac5db,Lopez
7011718ed0e27cb4d45095f7,Uribe
c79f1d914cff75b0dcf828cd,Lopez
8b6e7311bf18f7170ab209fb,Lopez
ec651cb113164fb44db812f4,Petro
9c4e94ebb1818e9b0868543f,Lopez
ce5ebf3860c4aef3a5bfd35a,Uribe
b64fc5dc17be198cde6a97f7,Lopez
a99634ed059d9a3eacc8c814,Lopez
b30558209c94dcf3bf69b5c1,Lopez
1424c69993d35fe5c0145679,Uribe
8736879e33c8da066275a077,Petro
fec9441df744bcf6298f4193,Petro
cd93e15bcb0303b225dffb95,Uribe
fd5fc35b034c4c9ba61cd58f,Petro
9f8868d8a9c1c31bf0b4c786,Petro
e37e45a661febac7c8c31201,Uribe
f8db6b2a3960e07f3381e57d,Petro
fa62c559dc60edde21e2ca9d,Petro
d947e03f9ca57a2508255425,Lopez
c33601900165e722a848c35a,Petro
667d248be913b6b9e70d1530,Uribe
7add22c566f927c2927c5ae5,Lopez
3da6d62450f4206f42abda7f,Uribe
c0b13f34163ef794eb95f38a,Lopez
d2b542d6fbb69cf458b7d736,Petro
0d73805e19575246db28514f,Petro
216f42f9b9661ac0ae0027b0,Lopez
0427318c9c27144eb3b0a1a1,Uribe
4fb3ff9e614761fc4f7e293d,Petro
200c28319dea37fae1fc6f68,Lopez
5fa1dabefb73ff1ed0d7e1be,Lopez
0be432864b634a387f23a586,Petro
a793906952a773b61360c24a,Lopez
4821a33dc87fce86eab4f198,Petro
1f21a999fbf45c5eafdacd30,Petro
52365eb5b6dfa70932c50ceb,Petro
7ee87b7a1487812e7d2df5fe,Petro
8cf4f549a1f6e0670b846c2f,Petro
d47138704fbb19050c5d1529,Petro
a63ff0ea7d5edbe0a9634bc5,Petro
898bb21e1b06670527b8581e,Petro
432c1ce5696cdef61f7ecd15,Lopez
c4528719e5e02eb4f8de4374,Lopez
dedc83ee73e562450c347239,Petro
6ce1ef3b5109bae381889a27,Petro
f2e159eca0f38dc12209873d,Petro
b5e4ab19f27136292acbdb3a,Lopez
4f70cb524d2c04e4b329c213,Lopez
b4fff3b0971e28758f17329e,Lopez
523bea77a613c62cbbc2cd82,Petro
37083d0730cd304790ababc5,Lopez
980b1bba425d7913009253b5,Petro
e4b938e9b797064495c3ff9f,Petro
3ec12b72bc0697753b46fca3,Petro
098b945931cc3fcf2ac05a67,Uribe
0e39ffbfdc26546a92190f68,Lopez
d4e341f305cadcf14a805503,Lopez
f6a5979a95621e38214134e9,Lopez
732dfcd87877c7dc045af26d,Uribe
00188fd0cfaecf64516bf09c,Uribe
d61604fc951205382f4e2926,Lopez
aa3a77c43f5e225dab4abdfb,Lopez
3d739d0d0e132e821b9e1f86,Lopez
6d438752936e629ad7da5aec,Petro
2492e376a6ce2e62ac27f0c4,Uribe
f195e878a051247621a8dfc5,Petro
14bf691f7e5dcf766c3c426e,Lopez
a4b5f182db1ce3355eaca640,Uribe
13b689a24188c5ce791fe4b8,Uribe
71f7f34d0cf069da90dc2922,Uribe
f03df69ba0247de0726a07a6,Uribe
7bb67bb80d15a3f12840047a,Lopez
28920951ccc1ee9f77eec4f4,Petro
9224903647216533688632cc,Lopez
ce11b01dfe8fc6a549111245,Uribe
f8027083f250c5accff4eddf,Lopez
c6c9f77f80fb1a52fbdfa997,Petro
14478da318455bdcaa147326,Lopez
07b9408ce4f9a357aa4ef4c0,Uribe
33c2a20e2ea3874976fd3eca,Uribe
ad6023c8260ddb580d93a13e,Lopez
ba70e8cf139d5deae3bfb761,Uribe
616aa74b7299e737db55763d,Uribe
6a04eea44a22aa7d64ac5a61,Uribe
0c20d084d83e1b8603413adf,Uribe
c0488fd53eacf433418cd40d,Lopez
8ad4145a4830770643666a5d,Uribe
992c32e3f5d905f01ff2db5c,Petro
0c038efbaf0d09fd0f2f0f18,Petro
76bba9f4b8a0066286ee1873,Lopez
f782ca1f692a79aed3885f6f,Lopez
2446e3921cfae84430fbb406,Petro
f6ced43aca5bc9886ba91898,Petro
95d145fa268d8b054e96a8b1,Petro
3ff145346e54a16fcd808899,Lopez
9d48d39197261a4bba881b80,Lopez
5b1a1c864089df7a9e0e894d,Petro
c9a20df6cb61d5109e95d0a6,Lopez
67f2466ef864d7543216b988,Petro
c2d9395be75449c940d9c0c1,Lopez
860fce5f5137015062c3911b,Lopez
1d7a90382b1112a87090635b,Lopez
163857d5229cb9f1b7ccb992,Petro
1589f908caf3b2451b9fb650,Petro
dffe72be3b639631fcb802e1,Lopez
419652e92e6628ac0e6ddc30,Lopez
cb236be766aded8d80a9feab,Lopez
8cbf99075897ced8f7c948ed,Uribe
9726e65d223ae910e9393247,Petro
b88bafe1fa2b78a477222aaa,Petro
36b4c496b3aaf725f5ffe1c0,Uribe
c56b3ca0fc410c928b60ecfb,Uribe
53b5ce7660aaab171e12684d,Lopez
4016e0d5b720e1f675c14a09,Petro
ebc7b6bdcd8246e375f49482,Petro
a42d395cd1fd58bfecc81edb,Uribe
5d9f3c36d431f70a865f67ef,Lopez
ec4224ae1df9dcec88792c8a,Petro
6bf1910a103f7e3b97a9d348,Petro
4671007f82d542f22730ec87,Petro
eed62f1d0b6831a949c7c505,Uribe
ac0184d254cc4e0c51543fb3,Petro
5267b1c795d52303882015ae,Lopez
65484d108ae6ed2cb23e3f8d,Lopez
a8f6585f31b97f1367f91a2e,Petro
8e9b5261e1de06267dfde524,Lopez
27a60ebe16974d7f96d52ac6,Uribe
8edc890b37724ef5bef6e38a,Uribe
9f4a4bc89dca5d69f32fc98f,Petro
f19fada2f39f92fa2a27f14a,Lopez
ad94a589b5194115a80ca20c,Lopez
8af19b8cb914654b7538b63e,Uribe
e55b41463621b84442de34e0,Lopez
8df76ed7290ef08f84731baa,Uribe
c818b3c4018405c76bdd8384,Petro
5ef4818e45efc9a75b4dab2c,Petro
5b8d140e61477a1134b456d0,Lopez
a09d24af9876fe8bd0f5d913,Lopez
67c0a079eb559ee367b75578,Lopez
283817a7fc24015e1a36df81,Uribe
3701fa24cf8d08b6f86b6602,Lopez
a9d89834a67ac3c0a492dc23,Petro
9208b5dc409aafa9f87bf6c6,Uribe
21b2bffae23342d082fcbad6,Uribe
1de7c466dc552b6a5c2fca2d,Uribe
7595e7483165895045a66a0a,Petro
9de082c69bbdeec473784c7e,Petro
d7d7f6b7082620441de69a25,Lopez
a0ca10caae437e8d16b8de1b,Petro
29e24a14d1727dcd997b96c8,Petro
9673e8104f22474ac4808134,Petro
6cbce2f44bce381d629991b7,Uribe
50874b75da2e08bb0980c2ab,Petro
c898f80e7e1f82efdec58e61,Petro
3aad3c327219c2688f3f7134,Lopez
bc39f8c08ee35fd17c538df0,Petro
3f90572c489aced539179798,Petro
d68ab4fb4b2d5fefcccb49d0,Lopez
e8488bbb8f4e917cd58b4692,Uribe
04aa26557a23be6d4ee23804,Lopez
10765362c6d834f55c69b727,Uribe
d0be214b1ab0651e687230d4,Uribe
8c6cbfd6246afc55a270bdec,Lopez
20effa1317443f841fe5ca45,Lopez
d1464a34490fc0bafffc3b71,Petro
3fe644a1c50fcacb7fbac5e1,Uribe
28c17fa014a733c77bd590aa,Uribe
b4e54c868dfd16be22b45a51,Petro
d5b7f26880604c70a0725bb4,Uribe
167a97577e126336cf510790,Uribe
bc50da3f04091211ab62596c,Uribe
db9bf4d97f20071b8d20d7b1,Petro
49eab32ab1ab9c381874e6fa,Lopez
0cc37f0535efdeb59cab2509,Uribe
fa96e01e4a68154ea5707891,Petro
98b2dc0a4f52994e5fadd7ea,Lopez
51b6441d71af1c8bc44ef1c6,Lopez
56d0f569d1bd7a7bf4f4f44f,Petro
5143bd78f6f4d957c963194c,Uribe
093749436e35145c5663b230,Lopez
b80cfbfdf8341accd83d6dc4,Uribe
8367ad2fca7e314ec2c9223c,Petro
4114d8adf3a568ad23fd4466,Lopez
01136e8d7f83d4096cfc3107,Petro
5c332de45753f9a836fd6c6a,Petro
0996b7b5a98fde4b59d1d098,Lopez
98fadd2101755a12ca18b34c,Lopez
3f7a4762643e691e1df0238e,Petro
3784f0654644acf2315b189d,Lopez
e883bcd40900f5fed5a5fda0,Petro
5c176c7cea09d3e76fb1d5bb,Petro
cf9df6bd8e4c3cb6cc411a5e,Lopez
4bf774cdbd57a14a21f97bb3,Uribe
f28a152e9037702c4250704a,Uribe
87bf1edb378daef03e1ae7af,Petro
4b2708ecab902faeedc5391c,Lopez
4a0e97eee57cbaded564094d,Petro
cdb93852ff0b988684c6c5b3,Uribe
f111ec1e7c436e4e1696cb5c,Lopez
42e6a6c635c6558885d04a63,Uribe
bae45e87791a7d4cba5095f2,Lopez
4ffc03452d5bc5ecbfd93551,Lopez
3c604221560cdbfdba8109a9,Petro
a96d6aca73a6f1e395e1fcf1,Lopez
66755f41c400e92e09c0ff3b,Uribe
01db2d2ded6917dd2194d473,Lopez
dfb60bb33ccbda5546c200ec,Uribe
c72f7712e7130f23295aa10c,Petro
49ea2a87745bf0431922fb7b,Petro
b93ee59de922d3cbd6bc8472,Petro
2d7a11197af869c4440d4583,Uribe
a5988439219c06232abc293d,Petro
593fbd2199e65b23ecdda137,Petro
bc7f1c91bc4969fe2737ea87,Petro
d6c323266f281e40154022e1,Uribe
e771f5fe102c6c01afac5db4,Petro
5534db233217d11ac24a7caa,Petro
bc3a4c2235ee153b1b4639aa,Uribe
f4526c0e40340d50df9814a3,Uribe
bcbf518e4b92e9eed4bd0f7b,Lopez
d6f467781f5919295b5def9d,Lopez
b8f14c1ad27dc0850c208b58,Uribe
c476070ee834b1327b00ba47,Uribe
ac6102f0ff2fe8d7c2b1c11a,Petro
bfe46aed8e0273723ee49180,Petro
7676e4cf1ff5032927a3889c,Uribe
8f3c3eae8b5d7f63ae9d9d6d,Petro
b9fc3cd3a9c027a58f21248b,Petro
d5a87c5b3fcf6a68dc6d07d7,Uribe
7424edddf426474228e2ad45,Petro
40dc3d750e22da4373100d64,Uribe
1a100997c0e22b4c0aa732de,Petro
9483f96838bca35ea4e8b989,Uribe
c60f0413596a8e4aba4652f3,Petro
cc06e2ad73e98e2164d3d3f6,Uribe
fe34dba434c03364fda6a486,Lopez
52041808a1ce71eccf4c2730,Lopez
336ea0b36dcba7642c4f9253,Lopez
5293b7a2d9955c3e415a6173,Petro
4b71211516cf3ea32a1e44ca,Uribe
d9e824b53c86d816a758ed62,Petro
b4b0e469a5f49b27e30d2cd7,Uribe
dac3a3db920c8a3487e4efd9,Petro
724744d9593dc67cd2e53adc,Uribe
a18ff1bff196b0e2b487d6e5,Lopez
3ff5123bb2571a575491bd16,Lopez
cfdd279aa9f96976b5bb7c7e,Petro
fa613c114253595a93301c09,Lopez
7449f41e8b332f53dbd4264c,Petro
dafc22568a25f41843ba5656,Petro
1e0c1a9fc6d31b866c35fb3e,Lopez
2eba42b7da43795287b991a8,Petro
41669b649904b3878f39b0be,Petro
0619916d1054985703bac5c3,Uribe
9f648f448f8dbc416b9dc6e5,Uribe
db28bd8aad4466f6b22ff2b7,Lopez
428cc2e3a6ff356690f6b41f,Uribe
c4d3224448c5854909f431e2,Lopez
67658c7f832af24396be52e9,Lopez
502834befd290750f25fe7aa,Petro
733bfa0ea2c460e3c4bf038d,Uribe
3433148a0ae917f0b95c202d,Lopez
d769d71b3153a1a644454082,Uribe
6f28a4c868d90b6218efc990,Petro
c6abd41aab1693ae82aa3bb4,Petro
b514120f8e1156a761ed8bda,Uribe
6ac5f053da400245fba53d93,Petro
109efe4d609c19cb548ee818,Petro
c0de49be4bf03b4ce3ab83bd,Petro
510b6db4d10b0162d04c5e4a,Uribe
438837a85844a49b088bb8a6,Petro
2c1293e10f648480fe28e72b,Petro
b6dfc6552c16ae867931cef6,Petro
475ae4fc6bd1a173fe26f142,Uribe
ffee55a42596777d30b4bda0,Uribe
0ab4bc2df3dbaee744bbd0ec,Uribe
287324db8b82b7acb922da96,Uribe
e0cd12b44b18a0675b2d087a,Petro
bdf2d6a65ae770e6dac4c65b,Uribe
9ba74f2b6e46b16f4a6eed59,Petro
8760c319b1a38aadba7978df,Uribe
34e5bb7052310986afaff429,Uribe
ed7be01bb9fbce7eef684e7b,Petro
13be33364703b35672270543,Uribe
28efb06d5ceb5a56dbb201ec,Lopez
85abd1999fc74179ef3fde21,Petro
284ba33ae04db3319870ca83,Lopez
d60a3c4b1d231a87815fbeb7,Lopez
d3ddf1dd89399f183de705e4,Lopez
603bb655d552ce584a787866,Petro
1511132c244f111ce7107c40,Lopez
1f902cfa26c02af666949386,Uribe
770cf960c48d3d85be1645ed,Lopez
8f7ac78812fb4e17634bdf20,Uribe
af5c2d203cbc0c5787dcef90,Petro
68b695e80494e0605ded3f06,Petro
b54ce81e9dd86f5ab4404f72,Lopez
6db8eafae5b6478191ec2244,Lopez
ccf590559dd9f314ee6b79a1,Lopez
5742b9b68a44c8a2bbfa4ed2,Petro
66d0ee10fc2f94ac9d123afa,Petro
cc49ebc2e5050a632a7e76d3,Uribe
a6740976bc35e1d2b0984058,Petro
f1ea177623cbf1d639b9960c,Uribe
1c4ee039f187176baba1372a,Lopez
fc2e05c78e2728bcc70aa7a8,Lopez
c62fb8565672c29d5c9d4b52,Lopez
a9df11dda56b95ea87f9ea22,Uribe
5b2e26df6b6dcb4736b36f07,Uribe
4fbb5b24698b58aa6d84eba3,Petro
1facb8d9dc72f76e4a7dbf45,Lopez
fc600cf32d9ff1bf09044bde,Petro
44fb6e324af5c6bfa69351ca,Petro
08e8b442e37a7fb7eb495ff0,Uribe
49f592a2e3239bac5b929f6a,Petro
c57d8631e293845d4b71c094,Petro
ca6b1694f2df8f5fb78e2c48,Uribe
e2abef0b439c46270aa33bae,Uribe
074e9985c39cb490ec821400,Uribe
801e8bc444f0445fc8db8a60,Lopez
545f4710332aa6b6bdaded8c,Petro
175c25e46520240046039f4b,Petro
126837920c29f95b0c9615a8,Lopez
4bf9525e1379ce84453e015a,Lopez
5ebb39afdf33a8be004d10e4,Petro
dc0bcf6b6952edc4d8d80bfa,Lopez
496218e9a3f6cbbc0f6129ef,Petro
5ccb11271207150caafebe3b,Lopez
b57c72eb13701dae8fa58e3f,Lopez
85e6408989a8390ef5f6cf41,Uribe
8577b50761fc85b48a31b41a,Petro
608a6c7dc83a3d5cfa3528df,Petro
4e9525d158e80a99ff550782,Lopez
8d34688f7db2eb7d05332052,Uribe
b3181a5e1dc36666218cf42c,Uribe
1fcc036c86696c87de34b08f,Lopez
304981781780b4689bd6dbe9,Lopez
1b5783e4984b56b1a6a2fbb9,Uribe
cfb153f419b6f8626e7a6178,Petro
c02095a7968abe26a246485c,Petro
65805a8016c1cefa64bb3428,Petro
d418527314964273283c8863,Lopez
429c79df781643b4eeffc017,Lopez
f9711f23db0be9e35e4525b0,Uribe
9d80565c777077f484627796,Petro
f9f7e9f5914b29921b7cec5d,Uribe
bcd586dec73d7254cb0d9bd1,Lopez
28d84526d6514ac01117eea0,Uribe
f7b945849f331f1764966ca5,Petro
f3ed929a94a7f0eaff5d05c4,Petro
68962783fd0e405dcb082eb6,Uribe
4c3a5ca940c84811ac56754c,Uribe
f8dea84e4af385bd3f672dd0,Petro
cc56c524a12e5c6d8f8b14aa,Petro
2c5a432a2ff05e9c22bccd8d,Petro
58367f408f5aafba3c5f9572,Uribe
345145b8272a01591c5e4004,Uribe
3d5d1bd816776b26b5176ce1,Lopez
f00cd32cf90e5d8fc4605cf9,Lopez
4dd60116ab0057234c4533f7,Petro
125a444d630d788f7a330858,Lopez
e739a3849e27c6e8bc33f5d8,Uribe
d4c8c4c110220abcb1cc8b81,Petro
ea9a27a418424cbd4cc408a5,Lopez
cfd63bc57a29bde5cb9c7f2a,Lopez
c4bc4d6a38b59fed9b2a794a,Lopez
5fa4ebea8337c1053db21814,Uribe
20e9867a4a1350369f599764,Uribe
c3168308f1935a35528bd97f,Petro
52061910ba7d2f71e33c3585,Uribe
d5afb298bee1bd60435fe759,Lopez
eb058ec900031692cc93e09c,Petro
785b756f603216bad79d72bf,Petro
05538f5765db16f84f145a2e,Uribe
1240e2faf5b5bec7627badd0,Lopez
70301529296403650224cbfd,Petro
54a1c3a8054d2bde1574f36b,Lopez
ec8c580b7be2703171946833,Petro
475c7478f0732a24b4063356,Lopez
699f728438515a43d860337f,Uribe
2f56d615e62d2442b0f2817e,Petro
843894e0e1680d495834cdc7,Petro
609d3406373ab9182f547202,Uribe
e2cc304d0d2dff49bf42f9d8,Petro
651f65ba264cd204e15dde4a,Uribe
8c5c9dee230af6b225f64a5f,Petro
63b38b29bdd1d190b0749f5b,Uribe
29d8d09c9346c9d689fc7238,Petro
c2d8dc1ca95492fc26975d59,Lopez
8126904f3a958f00da2da252,Uribe
a1d65c6f936f9b1073264d71,Uribe
cbe0edbe2577796108434aea,Lopez
3765fc3fd5e31a7806630e85,Lopez
17c382772e12398e238255fb,Petro
608ee5750e085bdadcb97878,Lopez
a2b0cb3080cc683c01cdf388,Lopez
35e7ea8c1b6b46d48e6a68c6,Uribe
7ffc1a942eb9be097334e699,Lopez
184a88c6d3e79bb02b8ecf2d,Lopez
98020e76c2b4c077a65f6353,Petro
052dfa4e7acdcdf009d68164,Lopez
6ac96647ced7f1e3ae65a86e,Uribe
681474da1dbcc85ce731bb39,Lopez
b04c0903681be46ffec6d16c,Lopez
b4053aa0555c7b3ae139ea0f,Petro
3a6cbcd967a0bff8d732cb7f,Lopez
f967e64a8f00a17dbb7d86aa,Petro
870a46b6cfc7e649feb5231a,Uribe
f9ddfc1471df20f7b72a7dae,Lopez
a71e269caa5094a0da9ff323,Petro
16f31171122ab7f055740d97,Uribe
12dfd6d3f7cb885508b8163c,Uribe
ad314258f1601928abaf4307,Petro
39369c6998a40da5b585618f,Uribe
5be19b0ee71a0ae1407e538c,Uribe
762996d9d72193373d538236,Petro
c3e14007598e6013a6cf53e2,Petro
230daf154dfef6087bbd94bc,Petro
1f4be26ade67a582089d1a7e,Uribe
2aae65ca628c9a35f3bbeb23,Lopez
6a65c07f07d1fe849e25fdb1,Uribe
b4f28dc5fda2aec7c4b338f2,Uribe
6b45b626a6601193f1e8b515,Lopez
61bb9d376bf7d5548d0ad406,Uribe
2987ba3f0d74d51946bfdba8,Petro
7e92a606089403655a22a6e5,Petro
89c494eb957a4db69530f4ff,Lopez
f5f82ab2daefe17fd195bfd1,Lopez
57cda641cca0f51cd6ae8b0a,Lopez
c528fb5707b4bbcf579c653f,Lopez
9333f24ec6ca1f351d0518d8,Uribe
e657a76b8a62dfafd09bcebb,Uribe
93c046dc3efdfbc5faf6058c,Petro
305bc8b896edbc0d2064c3fb,Lopez
a4e823ad6cc0ad1ef39025be,Lopez
e0d4d0d5b8210bcfac210797,Lopez
c0621b11477c35ca11f953db,Uribe
7795bc238b29bf04453af78e,Uribe
c1e4d660455ab92bb8101923,Uribe
0a4877943a6386a6b814332b,Lopez
c0e3362429ce79ccb7112029,Uribe
969d049f7d2eae91c98cb497,Lopez
b884e80078168f14a95b12ed,Petro
90c08ab1a6a9e55d6a30770f,Uribe
65ac648fae093da61c952986,Lopez
4d8e3d18b8bb18348663a26b,Uribe
90cf398ec26bad40e04fc65c,Petro
dc23c5cb24e7d7557ba53f1f,Lopez
f9919903fb4c97a84e636afe,Petro
6a1ea779e7c70fdd956384c7,Uribe
ae90d467dbc766639f76af49,Lopez
33acc3855c809a30f08e3c60,Lopez
294ae691cd47a67044591f77,Petro
cdad28e98780dec9d822b8e0,Lopez
5137e5b3bc2f18713473b567,Uribe
4b063b51f75059472ae025b0,Uribe
e61390599d76999fe48862a7,Petro
f219a80f3f5a82b9ad56ce53,Uribe
2b15adba441720cb87f56d83,Petro
4ecf48dd381c0ecee16f87df,Petro
5ee6983cc00e42a568d52a5e,Uribe
0588a3087ecb71f644662b31,Uribe
c3d8a19ec3a2d92e2e0ff2ce,Uribe
5836634887c3cbbfc7daf828,Uribe
ccc90dda8cadbc03ac853839,Petro
1a3751637ef9e53c0debb2b0,Uribe
39ef9555d216c56364c77510,Petro
129e222ce5cb4fe6ed8da9ce,Lopez
99d84d5bc71d1c85fe360a19,Petro
df3454ea79d8fa6db0b3528d,Lopez
0d1598a86168ae2ca15c7ee9,Uribe
7db32c821a969de30b541622,Uribe
57d613d2629b0be6576b3bc5,Lopez
c3fff5d46ad295922ee8a2e6,Lopez
39fe9b00332a0ab98495ca12,Petro
5912a8f1b97ecef153689977,Uribe
aba3d1a05389c10efb13cac8,Petro
7031766d36c33f4893f2f3fb,Petro
c2a0fe59b12a90d53c772b17,Lopez
65d002f4ab4dded4e8dc5517,Uribe
b4fbe3566107b3ca1d4490e2,Petro
b98baa6282fac36d0e83937f,Uribe
79f4b107648e7c913d6b5d59,Uribe
eaacd73b5c5f38b32dc769da,Petro
1d993138f92388c2328c82eb,Lopez
7dd61b172e9cef5e3cedbc33,Petro
2e278761ee920d04166ab6b9,Lopez
7423615be169c486bc459204,Petro
51dab47fe5801d17f2ca8bd6,Lopez
f4897742c888760fcf67eec4,Uribe
66f2794b1816939174553e01,Petro
11eb353ddb4b67873075c491,Petro
a32ca63fa20f8cff2db69a5f,Petro
5bec66ff980a1d3ea5bb92d5,Uribe
775aeaf46379c2fd766e4a4c,Lopez
0cfc0a64a0b9ab08969af8ba,Uribe
7d015e9a9db5e6c64eb8cda9,Lopez
33df82ab3cba5b1adefa01d9,Uribe
4eb2fb657cff196e5fc68a00,Lopez
c75d3ea88aea1e7e7aa3016e,Uribe
3ff76f41afca13e444765316,Petro
778eb45ff30244963a86df0e,Petro
a098dbd93ecaa688d5222eb7,Uribe
c6a32d337e93a40cbb58d765,Uribe
a9d4b3af8d83ef2d2b76e480,Uribe
5a6e115dc6b1242e2f46e2cb,Lopez
da509e5c88d1809682b95178,Petro
85d844f019537943a25bbdc4,Lopez
38ae3bd69eeb43834fc3f6fc,Petro
1d23255b7b2a1fd0545d4986,Uribe
6a74b215e3a21dc067109463,Petro
89338200c44695c8cd3c8f96,Petro
4d0db04c8988c647b8256a40,Lopez
8c53218a0aa762302b7a6c3d,Lopez
e1bc3c9947e05f27c5732e12,Lopez
d6db8229b497113df4d32b10,Uribe
e7a25056cb05048c24ff7659,Uribe
862e65975adbb0e98b8aa846,Uribe
19cc181b0bfcee375a370540,Petro
99b6b567ba5ce2c0663cbdae,Uribe
f36dd4d9ebd09dd196bdd1e8,Petro
836d050330eca1f49347e6d2,Petro
cf16a23257284477b191ed70,Petro
b421a4b599f3045a2bc1281f,Uribe
2bc6c0941ce83594df029622,Lopez
bf51be90c6e75d741550db89,Lopez
c907467f1398cbdd585329d1,Uribe
8502c3e436cb7fea8e86298c,Uribe
4a26f49cd7b4c83edaaf79f6,Petro
8b157ad2ee3a2183b20e6c9c,Lopez
c492c55def69423a16694312,Petro
1fbf173652f4b6c3a6fda1e5,Petro
d643145af043c05286b485fc,Petro
ec7e1fe84b91d362eddd72cc,Petro
be0691dbe325ad62cbf50b89,Lopez
f90b099cc7ac4e80477c81a8,Lopez
a5cd811f85fe344b99ca1363,Uribe
a3a48f750cc0a0e7e7b10a15,Petro
71d85278f63d2811ec2d6ba4,Lopez
8f510e12788a886990fe89c5,Uribe
2456de2ef37bbe246b5b97d6,Uribe
1f8e5da8695f2b282c074cc8,Uribe
c75dcf5b77c3cb8e0df4baf5,Petro
466102bd04c91bdb2670c251,Petro
002f0a4c1857724a7f454794,Lopez
124a4d3c0b438f6feaf7c5f0,Lopez
58712fe311e889e765d6ad11,Lopez
26b9a063501bbd77a6630ec7,Lopez
89bd6261915d1af21d5e6d92,Lopez
74824b1531d31a34108c3c8b,Uribe
4b8b22add58f8b1e8ead5e15,Lopez
12bfae56b97be230288137f7,Petro
6f2067ed0242f6e9a1ab04a0,Petro
554e6a2a59ab3b41bd88e01a,Petro
b5046a2dc1e30ee6f6dc3362,Petro
832dc661826205a0c72c77b9,Petro
ad99673757046ea507c7d988,Lopez
9241ea987c9cdc440eb030b0,Petro
564837d05969f6bd8e3b50fc,Uribe
6da83f69454b3a1531e3084a,Uribe
f33177b463b9917819ab52d1,Petro
a3641a6d2c6697cf4bf9a4b2,Petro
e1b7f9e0e8d1e7b5e0dd1546,Lopez
ef9ea7c19ffbafa2a4a16746,Petro
4b05f5012ef8dd473414f217,Petro
68a2a83bffacef11e399d9a2,Lopez
c2402d2c54cc746ed94617fa,Uribe
6d42d545bfb8edc87815ed09,Lopez
53cfa90f30c568387e9119c4,Lopez
d208b922190a7509bb768438,Petro
d4c8b69ce30cbe7daf04187b,Uribe
5a49bc5981572a9de5929ab4,Lopez
3ad44a3c6155a8e8185a9697,Petro
071c5b22d12a29d1cf0ce991,Uribe
2975c8133287f85daf16d40e,Lopez
a644b3fe701b09170b244d59,Petro
4f808841e5bde4b41458007f,Uribe
7f6ff6402c9eaf7ef952af92,Lopez
b77d9c40086eb3139ca9ee8e,Petro
61e2108477afa91ef5c3ea02,Petro
fdf4a8044c569ddee287db3d,Lopez
a0e5c64b369efdf2f058ab98,Uribe
e826872d35cdf89e1deffc5c,Lopez
0b31f1b9c4a5d5c7221b999d,Lopez
df93b177201ed0923e34865d,Petro
c4ba0be53c8ed50bef37fe9f,Petro
ef6d64c88840d480f0ae7cec,Uribe
24e940ed2bf7f4fccf0db1a5,Uribe
84f89bc5e3073dd044df3c1d,Petro
f0c0af413630cb85bf6a7ae9,Lopez
30557923b2a3364e73740374,Petro
7f828d93e36ee4898df7c5d7,Lopez
ea675f9e763ef8545ac4e075,Petro
f1a1a3d5ea942de184964748,Lopez
41fee882cf60ee3d5c8b47e1,Lopez
2a03b593a5dcffb97ef92048,Petro
f3aad38c8f217290e7d65d85,Petro
f980dfc9caeb01e9969e510f,Petro
625aacba9ee662e44fa8775d,Uribe
5a1eb71e3eec7ba2caf1fbf5,Uribe
be08bfe1b92fed714179dc43,Uribe
41d720c560153e625db2913d,Lopez
7325e4f2ea8bd16f426fa93a,Lopez
a3a799b39e0db2249a354a7f,Lopez
5cb25f06ef9ff9e224215205,Uribe
ae5cef07c05d23309997d4dc,Lopez
1f0fec3f4b99ef4ce846ad86,Petro
2be86c1e0ffa7087c04f28ef,Petro
ae261ae49dc082fa2694e75a,Petro
213ee6607531fef931b924fa,Lopez
cb1e69c689ff92ccdfe78289,Petro
36e00761282fe31ccf33d379,Petro
2edcf4c9dc0b4263fec08930,Lopez
079b4ea27de7d0a295114c9d,Uribe
c65e90db862bb411a63f5d3e,Lopez
941bf3c8e624e86678362fb7,Lopez
62d6b5912edb150b7a8df583,Uribe
00ab022db0802d686a5247f7,Uribe
504617396e2eae02abccc928,Lopez
add23303c4453767dab358be,Lopez
fe829ad84532952c53b37d0d,Uribe
c5c30e2fe4cdd88c3eff300a,Petro
e742fca3ca0399d51c53754c,Lopez
27d6d7ed3dd6a5510f5bcd08,Lopez
cfba7d5b9b7769647c5d198c,Uribe
151b1bc4ec5e5193f7ef4421,Petro
9de911f483e7304e4f1da3a6,Uribe
99c08bcd69b5f2aff75c589a,Lopez
44e44c911fe0c16f9c93f326,Lopez
8c15efeaaeaec1d925fdf8b2,Uribe
57d31c37aaea3fa551e2b24a,Uribe
3e6577b7ef0236677d0ad33b,Petro
b184b42014a23ef078020a02,Uribe
cdcceb59c76c304791da9e5b,Uribe
936e183178136c4ea115d981,Petro
44816afbceb0322262f8ae45,Lopez
810ace08f3ca0a9f96e0da39,Petro
5071b4cea3e3f7766be4b3d9,Lopez
0c8c9e42b4635b451d120bfa,Petro
a9d9ffc799d6a1a3dbd08ffe,Lopez
10bed0b24c62a84719a5a3ad,Lopez
103d9db12d7595fa70e27dda,Uribe
7f6f152eab8bb71d1245a7b4,Uribe
9666545ee741def54a48877a,Lopez
c2e234bf9d9629460ca26066,Petro
3a6bc5f59f4ba760d1127252,Uribe
20a1d3fded170b5b9cd6bec3,Uribe
2edbf039f9bb3d4d8d65655f,Uribe
c1717c5b0241d9cd82562d66,Uribe
1b5ffbfab52c8ba09594ff5f,Petro
a58be0fc5f94e1aa5c4143c5,Petro
5cd1253485addf957cbd73d9,Petro
6fe70c9a2e4714834ef06fad,Lopez
f76496c3d2c77582832e753d,Lopez
6e06ebb44eee98e3648e494e,Uribe
fe677eece6fadeee471289d6,Uribe
ef424bce5079a4f35685ce4f,Petro
65e5524c813b1c8805e3445f,Petro
496f5d0bd17e61f751775f4a,Lopez
0cae6984d7a6b397fcabe9ee,Petro
d59bfd83441b00c8e2dcdad9,Petro
cfcef2a77c649b074f6b523b,Petro
d37db6c6ae5f00cf05ca70a9,Lopez
3e43402104ad3272a82543cf,Uribe
771c2fe90e47b9fc19e1bc3d,Uribe
619a6dd56971a83932536680,Lopez
48934448e1a62c9098fb6f3f,Lopez
8dfa72a535c4ebd1a95b842f,Petro
0208a19b02420cb60712941f,Lopez
cd5573f5cacb5e43d71b1c01,Petro
2f5db354520d98d881c9ca9c,Petro
d74409474363392e04e30ffc,Uribe
b63d2d157deae7c7c8d1cfb5,Lopez
fa4478499bd6a753c2448773,Lopez
17af2ed52d44b69d24d1fe11,Lopez
c6a6ec1a4c4593bf702d1218,Petro
3721ce9a50c083671370e6ce,Uribe
d26c1513ccfbe3bcc346df2c,Petro
877c2a1647921943f72408c9,Lopez
ca3f05d02372add5247c6728,Lopez
c21d43a335458ef7f8f03ad4,Uribe
5ca4e40682c1b124e28bff3a,Uribe
df87fa4fdbfec1700ebd9ae9,Lopez
0610d927b3121ace254ba7c5,Petro
3aabfcaf83ba2c1c800ca3fc,Uribe
e43cce9eff2352d78ea186c4,Lopez
f1e70db7a06876ebbf974e21,Lopez
5da49fd0061a92c0b3d37289,Lopez
e626df43a0cf44b498eb9595,Petro
8dfe094e109f71d5691a749b,Petro
25ef7ead5aee9e44d246088e,Lopez
1cabea93f4ef9ecaf0ac8d8a,Lopez
f85c5d16b6b1871917f418c6,Uribe
b91798b217b9615ed185d5f8,Petro
90fa1eb90ea41dfce5f685c3,Petro
b0934dcae36dc0dc46588f8e,Petro
e8a2c776312bc635acf3d6a9,Petro
97667463fd88974acff4d7e3,Petro
121da2ef92fc585b7967e9c2,Petro
328a1f5f1c0eb2a1b4a54cba,Petro
1577f5a534f112ab4cc94fba,Uribe
b01d5bfe10603c0c51a7d85c,Lopez
0ea362b41e9b2d031856e821,Uribe
bc3ceb500da42cae06f38957,Uribe
f485134d1d84671a47b0985a,Lopez
32b40d47edec5ef4d1c7ed40,Uribe
fa04ae9030651a8096e21085,Lopez
92905adf3d8a9aa402579c6f,Lopez
6d6cfa6d238cb3c5af1c15a9,Uribe
294b6f19d26513207fc9bdc7,Petro
e9ba05e7395a9908c90dff48,Uribe
bbded7f9072d3f83ce1065ed,Uribe
ec9729f0df839fbf608670a6,Petro
74fd7194a25f23a62be28ab7,Lopez
9431fc04cfb85c3d58221091,Lopez
826596fa71caa4de34bb83fa,Uribe
7380d51d43c773b8ce42ef6c,Uribe
12b92564367f38463bb9f84a,Lopez
cc83ddf70293e3108c82ab08,Uribe
d3556bba5a6818a3d44187db,Petro
cf7160709e7faf835f4efda2,Lopez
5ef81914878647fd91a0e86c,Lopez
0ce71bcce85dcc3a67f64390,Uribe
ea9566a2a37ff73cfcef0db0,Lopez
fd6439dabe80d2e2770f4f02,Uribe
b44310225da341ea91b2ca42,Lopez
91dda6171eecfb08e2bafe67,Uribe
cdb026bb6887fa9f79f14e97,Lopez
c81c9a236a55c1f47cc47ff7,Lopez
27b55046016a07be5fcb9ed4,Petro
458e59d2ebea56cdb5c96f7e,Petro
1c7a6d79dd4764c059a17e57,Petro
5d0e687b5fbde9ee8adb774c,Uribe
b7ea3e5f862c982f2d52813c,Uribe
63aced3dfa9070ce3d9556f3,Uribe
da6b492e5150b4476ac29b64,Uribe
ba22d1fa87aa5a8a17f2d453,Petro
bd8eff1b64cee32b7742ff66,Uribe
dd97fff565a51115a3dafddb,Petro
f23a3043551b2195611ff922,Uribe
34445ae94fca0a55f8ce1110,Uribe
55e6ececbbfb29b736f456ce,Lopez
f576ac81f04aef952ee071a4,Lopez
994a5552475cc7f4d77d08ba,Lopez
1342cbcfaa187ec6b40310d8,Uribe
b426e031d950e362d1204e32,Lopez
c9e58c7cf09b54e0b87faac8,Uribe
6d399c5f56067526aa61bf89,Lopez
0ffcdfd47e9167ffa0ad10e6,Petro
6ad1a4757886a4db44c2f3b2,Uribe
b93a2e1bcc822ab2f08dc47c,Uribe
a945edc2adb473a3e9df6e53,Uribe
05fe3f6513d8638035eecfd1,Petro
9fe47ba6886aac7fd176978b,Lopez
b903405f12d4f1d140d1396a,Petro
c35275667fa3aa41a8f35b87,Petro
7fffa2734f8c7072f5811c53,Petro
106835ae685d9b18209d2c53,Uribe
b5f03b00a3be6910f77a3cca,Uribe
d2d89ae2841865bd2e1c4366,Uribe
b427a5ba3c6dc33fbd80ebe7,Petro
3118c7fa7a77fbf4235fa2fa,Uribe
14bfffe5f7a58a16bcacb245,Lopez
ee9240138af145fe67717294,Uribe
2d8b5c6f6f1938abbf290527,Uribe
3e3a559124e1c7382eeca307,Uribe
b31a1e7956a733de4d3695c7,Petro
f50a8115d8dfb18c886e14a1,Uribe
2d91eb8cde23fd950ea6ffef,Petro
7a9243fa397d479f63e81694,Uribe
1a43c1d476cf13b955039ae3,Uribe
d56520db25dbcd0da9b90bda,Uribe
47319108a7c9525d63f42024,Uribe
96e486ef138c8f0a6b2b74fc,Lopez
faec2720f684730f26db0191,Uribe
8797d71e04d03df2ead8e781,Uribe
bacea0f185018af959b44528,Lopez
d22f67408ada3507c7d3137b,Lopez
032d24a350c30855ffc904a8,Lopez
6936c021d8e55793eb454bfd,Lopez
dfc55da368883510fb9dfa99,Lopez
6d60583bd4f1e294a9c16c2e,Petro
8f4dffde10590922aabbaf9f,Petro
de17eafff156e02313235ef1,Lopez
643002bd156257b756a8e96d,Lopez
8f0dc2d1056448ff229df6d7,Lopez
90fe0a12f0bc84e1a778393e,Petro
35b2844416b185db47cfadc9,Petro
7e2ab6f868de1c788d8c641a,Petro
d9156aaa03d3f1e046b80eb0,Uribe
3d77e61fc39297a005235390,Petro
e3c247b919c4775aa12a8fd5,Uribe
8f1f2d914cdab070b56e57f1,Lopez
619c4ba4f05619d1e448e28e,Uribe
8e9959cee52c7c61f33cbe62,Uribe
b9b4c0e6120bd718216a40ff,Uribe
9d777ec7fad29695b4a736fb,Uribe
85bfd1642aeeaf4218ada1d8,Lopez
567cef08071dfa4add906f99,Lopez
a6cc24992a07e4267aa132c8,Petro
608e632249c94fd1bec9c677,Uribe
5be958751b30e24f17b05d78,Lopez
033d84922bcbf2afca535be8,Petro
68af22d053f322e7731bee19,Uribe
fc03593b1e8f0b100d9d18b2,Uribe
54173c8e374376c9b7ff4673,Lopez
6211e07f7e3916d794cbf0eb,Petro
3c3375919ab9ef1c40839ec7,Lopez
9dd54c8e70bc700d5a55f042,Uribe
6b4c301272e6c0d840c9ec32,Uribe
5264f8077b410f27651f50a3,Uribe
d6f8677a758f9e17846c5422,Lopez
6178e6b03fb4b25cc448a7aa,Lopez
1a84529c87dbb7cb4ce6a06d,Lopez
4e6aba9b03ecfa7010735c55,Uribe
f82345c2e718f3c23233fec4,Petro
63ed9e159494ddae2fea44a2,Uribe
cb871c65cfdf19f06b99cc62,Lopez
0a34426516b81113882258a9,Lopez
27c906a5a075a2a59cf76343,Uribe
fca4fc26ac9bfcf371186f8c,Petro
44ab63e852ca938e99b8f43f,Lopez
556be9909d5a7016286790b9,Uribe
fb5e284daf0df65312c0ed14,Petro
35099b0519f47dc371a61f45,Uribe
4eabab454dcb96e7befba5a6,Petro
f1b6fda035e2427848fe1433,Uribe
66cfb5c97fe6704123a99124,Petro
03be9af0ec1d19fb1f484158,Uribe
c15ca9cd5a75f76a185d78f0,Petro
13074a47a5843f322e01caef,Lopez
4a7913dfa8fbfe7fc34b4c01,Petro
8bfdd49e182cfabcc35b4d6f,Uribe
573b6b75ff261750e9053ded,Petro
1c70fdf526cbcc05d318f8f7,Petro
731ff73b55859595e8b6f501,Uribe
f345af6d694ccd8dc2a0e2a8,Petro
eb27d9101d6637fc1533d1f7,Uribe
34bfbb28c302f80c7ff56716,Petro
00e4b61b2ffebc56c74496b7,Lopez
b3c922400377dce596e19f29,Uribe
38bb9336726828961bf799a3,Lopez
2d14e9212c1576f6c4776ba6,Lopez
a1b08783963e862f39981119,Uribe
83cb2c523d3fdf9dba45a9b9,Lopez
be8f318e1a1d913da02230fc,Petro
9f4ec037facdcd98357783d3,Lopez
536e3ac128e7888eedaef309,Lopez
86a94e547a230a88dd205d0a,Uribe
d4149ad4309e77928e3beb50,Petro
f307afdf5588b0a32594638d,Uribe
a3edc1e38962bbf280aa6d15,Uribe
7fe3ed5dc3aacc11f299dadd,Petro
5b8f501f3ee8fa231c5e2e08,Uribe
fc53dde4f99b140e5effb09d,Uribe
964656f35cd294b79e63ae6a,Petro
8316cf4a748bdcdfb059a54c,Petro
573fdf597d4614bc68d9f29d,Lopez
2df8c0b197d656d8c19e644e,Uribe
4ba54681fb3174cd6f220637,Petro
27ce29f452afc6537642431a,Uribe
78366cf44cce2139394ce6d8,Uribe
57570a6c02ebba73fec62237,Uribe
46619090b015bdfe93ce87ac,Petro
d684e25b7ea3f4f6768eeaa5,Uribe
42f3c1c676adccdc77a0df14,Uribe
4162ddb6844116293b3e6bd7,Petro
7f1b5450008b9b68f513c465,Petro
998bedf3fe70f946408cc6be,Petro
7b196cc6444dfc3f3d3da049,Lopez
f06b26d17f4a3fc251dbade8,Petro
06980180c7ead89e0ff5e848,Lopez
c2932d594b3c468c53212032,Petro
695811b613988ef75828f419,Petro
1fa43327d96bb75dac747d2e,Petro
6f0d60f8a6b9a27cf2b46151,Lopez
6fabb87ed0e56d34bf417ad6,Petro
c7c94b1c52ad63089874ea32,Petro
a0bd77e60a317b8f942aea45,Uribe
5f292bd2bbe619b48b1451c3,Petro
28b23941febbe74e831fe05d,Lopez
af0d676318c8285b1552b595,Uribe
07f3f1a2a93c6eee4eea3ec8,Lopez
6b9eb6f910371d0a71333663,Uribe
f4d15a24431569aafdae8e56,Lopez
eb890f3f36739f15d840d9ef,Lopez
09982b59b2e47579273ef5a1,Lopez
a0b92259ac6cc314a8472615,Lopez
ca251b3285f92c5db7ce8388,Uribe
84c638b486e50314b8e8571e,Petro
6fab982a8faae4ed16f4807a,Uribe
66d9aaf469685d819e8876f4,Lopez
cbfea07ffc2b17f9d6751291,Petro
2c5989a98190f916f8c6ecd3,Lopez
e60387f04e966a815d5bc4cf,Petro
d078c50183b4ac05a41cec1e,Lopez
ca51e72b05fc61f3e7d3152e,Petro
448f9f4538fb5bb0337df2e3,Petro
a1f15fe9df21672c8d64f230,Uribe
a8c608e3c584b12a238b423e,Lopez
edd846483a5a64cbe09e25ef,Uribe
1e3d65e55ec7808925bc47d0,Petro
110306c0ea17247c68f8fd42,Lopez
1272a993044bea5fe9d6c3cd,Uribe
e4364fe91a15a7f621788602,Lopez
81c1c5c9009f43ec385e9b77,Lopez
d19fffc7aa1ba69ce91b0e7b,Uribe
754cb84134c11bd289072ebd,Petro
b804f3ef248f7cf23554367f,Uribe
231dbfc9cf6d404e97452d61,Petro
e125d5df0b940caba7f86c67,Petro
6c41a8c9ae7cd7d9037e2f74,Uribe
50626607431b305a837549d4,Uribe
a081e62e277225d30faab615,Petro
4a13338e477b77fc39200651,Lopez
83f171e1e395dbb2f9ee23ad,Uribe
0ed7b5f4e40cce95e069cafa,Petro
57a1aad8726bf8f5e1c514c6,Petro
37866676b0b75e58a2bdfd96,Petro
4eb5b3094d0abed82bb8c0e7,Uribe
66df866b2549cb87b4b0735a,Petro
517069777b763247a6faf691,Petro
68e4f864bd74d88c970c3d29,Petro
2b3b1c934959d2942e11030f,Lopez
3a5761995e7225dfaf9481c7,Lopez
ea0262a48ae9a2f266351d0e,Petro
e05f8012a3fffb2ca5bc527c,Petro
dcee0e2b46d2985eb3ad181c,Uribe
d798415441036b15d6a103de,Lopez
8e015271609fa3a6d81fd589,Lopez
1971554c5fb757ce44c6e714,Uribe
35d007bba5fd3dffc0ea5ba8,Uribe
92495d5cd08716b7bd7b3929,Lopez
954284609d74e69f04033528,Petro
6b5e7cab9475f68efb311f42,Lopez
561e0fcdd1e08991daa229a3,Petro
ac9e06d974ac2f733060ecad,Lopez
7cf371cb456a7d99c11c96b1,Lopez
10ea75e52f2c1e82279a57a6,Uribe
5de8782c2be37d5a1c6197c7,Uribe
e56f81048477cf8f95d20e2c,Uribe
2e35e70c6689a289b6cc6b8c,Uribe
0c8333cf2740fc76ce509b9e,Uribe
c9843d4ed6734786a29d732a,Lopez
e1f9cea42ed4716cd4dbde3c,Uribe
733a8952327840b6328829f1,Lopez
34a2c1dfeceb571eb6d5f8ae,Petro
839083edf6e6177a9d67c50f,Uribe
d544d0eea3b77ccc3e779664,Uribe
6df88af9236694c9ef425d10,Uribe
f5e83b1bdac7e2c62803ed15,Petro
e0caf4446cb12ebb88ca5951,Uribe
5b8456d44264086697cff1a5,Petro
942cb752d609df46ad0d40c2,Petro
83f5aeeffd957994743a5bd4,Petro
e6a98c199276f88ddc2e793d,Lopez
96574b03cc9905bc174ab536,Petro
c8d02d8e2cc8f83631dfae7e,Uribe
f86a1aadfec4adcfedfb971f,Uribe
9c2c526226fea229c86471bf,Petro
84628977afdad19b780318d1,Lopez
b3735061689ef952cb78635f,Lopez
8bd9f892afbb4b535ccdce17,Petro
e471714a2e4c7c696495f4fe,Lopez
1f28784e794968017b2dfc84,Lopez
5a96efb4f0e5a6fe28011e6c,Lopez
f0ad07041f20011403fa5ae4,Petro
cbe2df9590ff815e67b1295e,Uribe
8d3b5531ef1c3d9fca0a3483,Uribe
da098b00cb44808806910052,Lopez
4e4b5342cc00ce223b364bfa,Petro
b86252382bd66ca8eea89c31,Lopez
9afdf2021cca9d1c9f561ff8,Petro
3564b4fd0404295f9fae424d,Lopez
d5b5fa145701e76875467b91,Petro
e3b03eb7b93a68f4ec703f6a,Petro
0f20f71cd87ae27ca940407c,Uribe
19901527ce63d1479d227f9e,Petro
60b53cbe0010214958c1edea,Petro
32e5db18356e07291e395179,Lopez
a47e50bd7ddad45cbaa7bd9c,Petro
2d01e58154c52ca77ed3251b,Lopez
90574593e323ed04547d830a,Lopez
08f6423acbb02b5a8c51aa84,Uribe
b154cdc92e33b21b09143c63,Petro
17403eb8b319bccca046a34e,Petro
7fa6b2130b4457f26e0d2633,Lopez
875491b6a6b9edb995b7c980,Petro
a7126b150c533a98894b86e1,Petro
5753db75097348e7ec6324c4,Petro
45ecffe73c8d2415279ad804,Petro
e68e0c3da9439d6c42551b88,Petro
792633cad3fb759c27fc5241,Petro
f12efb11f8bd6537debdae43,Petro
3757b94ef3fa6804a60d6d1e,Petro
9570ea45f777b3a2406aad60,Lopez
e32aa80e0ed341cd4022b4b5,Petro
4e04405518d374693b16d8a5,Lopez
5ee2374f1e40bb3bd34327b9,Lopez
cf271f96b5492a54bed3e87a,Petro
99462c6265c692166a1fca85,Lopez
7147354f734f3dfc52b776ea,Uribe
665f25c3476714e5d56a8f62,Uribe
790a973ccd858636b16525bb,Uribe
753ced76e3b54d79a06fef47,Petro
66a8d107d4518a1436d08926,Petro
68a0e1179d19e593b9a53968,Lopez
a1c2e6482c8103401c8f9358,Lopez
13d2d2ab3c49a01408bea4ea,Lopez
988b607e0ee2fe85e96a2762,Lopez
97c9eec15a9826e5b617a20a,Lopez
b8ba2dbef17025221ae3818d,Petro
70197138de7ce1e48e40c291,Uribe
34856aed3b2e86f228b82281,Petro
5e74e0a5579d9df26095e6af,Lopez
b02eaa532c9bf1c487a8bc29,Lopez
069ea8050e887f0aae027d89,Lopez
e95d8186827e7e042a07d4d8,Petro
c8d481837a0d862151cb6409,Petro
4faddb59df71ed120c37f7c4,Uribe
d4b332ce421f55aa30338706,Lopez
2e74354ca524ebccc79ca891,Uribe
92f61cc5a1a644b03e577a2e,Lopez
e2384e0b71b2885ae36dc60a,Lopez
1a4a86c0211e7c8c74243cfe,Lopez
2a6e63dc98bfff8ad5f79ffc,Lopez
90936d8446c95462f71a1d51,Uribe
740e68a0de4a0a9dd7bdae8a,Petro
9b38bd62d1184fe3e5da7117,Petro
7edc185e92e1c492604120cc,Petro
97fd38617fa9890e522e85b6,Uribe
431f0bfb27adf1a462b585bb,Uribe
91cf7a7125f4618a5b23b4a1,Lopez
378b0ff59a7c43d3245186e5,Lopez
f45dce00bc241108a22114f7,Petro
4763113d642501dff4c14acf,Petro
4c24c9ceca8c97baa566aeeb,Petro
976cdab642d5a8ce79144c62,Uribe
ab47f5de4379f32b6debcf96,Uribe
5855baf5990239625d3d5fef,Lopez
b4db619fad868412b17125f2,Petro
a8747ba57f29acee82323deb,Petro
d08235c6cd5b9e0954e0d125,Petro
c6830aec9c3d38558f9376c0,Lopez
01f371779325f82e329392df,Petro
b6e61a755ae4fcc3b237b97c,Petro
91b12f6a0314bfe8e7ed149e,Uribe
9390bc5acad0884de2b81373,Petro
5f18e6a79a247a2e33b2873c,Petro
4283bfe96b206240f0ee7f6b,Lopez
29ffe58980580a4b7bf5fe86,Uribe
94fe576441ddb31f681bd489,Uribe
a46da26e2b6876ecc664c75c,Petro
3dc02cbc904c782445420df4,Uribe
ba61c5f1e6c2653997771761,Petro
038e2aac86289d9018ddbeb5,Uribe
d072f2cbdde8cba3d9bcf477,Uribe
266a697a376af1f1d4c58193,Petro
f20c892dc8c93da4c212ad20,Petro
f0607cda2f81f8269c281099,Lopez
94ddcb367a6f4809e1c1b7fc,Petro
00e222e666eff1e50cbc693d,Lopez
010d10a0029e0b396abc0fe2,Uribe
e24e0a2e7726b05ca155deb0,Petro
a55cb04667818e415d0932b0,Uribe
87f24fda1f6f1a9530606161,Petro
2274bdd5e18fce03feb74505,Lopez
df770c65fad0e20dfe119d55,Petro
7895a269055d237a78e3f45c,Lopez
975b4f22268496779bbbedeb,Uribe
f896d5104917fadb65d30d8c,Lopez
a9b66d3d2959f9c7d3d03d88,Uribe
266c91f8a9bf9cc099d60b45,Petro
6e9636b81292c661af74704d,Petro
5a501313a6138d0fd4e1d6dd,Petro
8e7f29fe73c52ca5c9690485,Lopez
a27fe146d8253f086cd1f1b5,Lopez
a9acfeb644928e7e59066671,Uribe
79d722a33ccd100ab586d3ad,Petro
c3942c0e7b94b9793b329b2f,Uribe
fa39b9ecb017626b9382402c,Uribe
0cb6d3abfaff88f68902f46a,Petro
4b6cf16fb8e3c6cececbb37e,Lopez
ff2f30a8a7454fe1879e7d30,Lopez
5dc89e1735987bd4e8606be4,Lopez
c4d7584738bba8e776930959,Lopez
76213d1f12e91343b5e65b2b,Lopez
199c8b40db02653ccb6f6e27,Lopez
0ef4e0bda0f58a9c64fbeb6f,Uribe
e594b290e10aaf1a2d273db4,Petro
4644205c07cc416874f8901f,Uribe
bbd51c5348b41d78f843d705,Petro
64064bc05e3369644c919a03,Uribe
08938d0d6c15538fb6e4ca88,Petro
5e48ca54ce724594fe821f41,Lopez
b6aa70ba1496109b3a90ba01,Uribe
5fd138e4f04a26e00c6c1eea,Petro
2e89de262119b70c2f81a7ae,Lopez
be2c42d63103187b0dd390ab,Uribe
3efbbabeabfcf26c0a49a5ea,Uribe
557a131b21378d63557edf01,Uribe
e99b91eb132cb8a4a0a5de23,Lopez
d92bb83634e57451315f7882,Lopez
10da2ef6cf81babcfb8a62a3,Petro
003bc7063f1505813126e30d,Lopez
555179f725e615d21775d1b6,Lopez
3becab9febca9c7e9d6ca2f0,Lopez
c0298a60eab306081b8f995c,Uribe
edf7fd6427b4af5ddef4e1da,Lopez
5324f26716a9035321f55a0c,Petro
955a0c6cf23f1d84e56f7030,Uribe
02c2918eb17e70225be990a6,Uribe
1ad6a7ef97d89820361cbbc3,Uribe
1dd56c76bb1e67c065aa2a42,Uribe
c5ef26a548aa4bcd20f1291a,Uribe
d6f6f0f11684ae697d2facf5,Petro
f4ec07b477255980d566b016,Lopez
dbccef48ca29bbe0d2e636c6,Uribe
030687a098b1a4cdb7e16499,Lopez
93f89c50ca9c14f1f82ef9bc,Uribe
60f683fb6eae32d7ee7a1a18,Lopez
aef44544b2496793c26c8113,Uribe
a34dfe244aa7f83410471f38,Uribe
caa2e056f8ac0a4ce79b1d2e,Lopez
700504a650ff5bf693acd84f,Uribe
f0352cb3f76873886d562189,Uribe
5bac607d5b94d24dd0443189,Lopez
919fc16e5bfa5f99a76f8152,Lopez
c8ad6b837b30d018c1bf712f,Lopez
496ad030ea840c0a44cbc1fb,Petro
f08953b3b2abf68d5d1496c3,Petro
4fa6897e94319e6c10cc9db4,Uribe
0e5224ef776a0e2e28ebf55e,Uribe
1e63b350185cb927b8927b6e,Petro
f0e2410106e6211d10ce815e,Petro
c245c541fc90db1d92d7e00e,Petro
0f73cd7fe2a06070b825ba4b,Lopez
b276c2d2bb12b4405b648a1d,Lopez
6d17ce9b5fd3e4ab13faef17,Uribe
41455710fbf9ccf747381a14,Petro
419dad02b034ed3866325678,Lopez
1c409d615cfb24485d3799c5,Petro
cc6ac44fa740f37d82e85a72,Petro
3ec777890b37ad06117080f5,Petro
4204c5abf8d2b861d931c17c,Uribe
bdfb07a7a64d4049da077910,Uribe
04ae2b2afc42facb5db1a3ec,Uribe
83933fcbdea9a23e554eecd4,Petro
ca6f626b77887f6eea27692b,Petro
a3c55bfa3da3c34c6bf6f8b9,Lopez
667608e64ebc378f95543a5f,Uribe
350a4353ca54f62eddb02c07,Lopez
0bde9778be0ddbb8cf91ee08,Uribe
757a5f2d4876bf0e74ace378,Lopez
6012873ce0a5eb397484728f,Lopez
3381548c11ccc884fe796e36,Lopez
6917543baa30d039da158af7,Lopez
dd0df90baabcac390bcd7ef1,Petro
30106c502d9e17746cab03a1,Lopez
6e2711cfcd8045e6abad7bfc,Petro
3c02a33914bcc56450da484e,Uribe
42685c42855b9412fb37599a,Lopez
82c88610e63c22640461203e,Petro
d43abb3696e57c86253f1f6d,Petro
e03ea190876ce07781a1f872,Lopez
2bacbc838f9f160ac4e87042,Petro
ae78c773c861b376af4da12f,Lopez
f829964d0a910c230501b4c0,Uribe
340ea9a36231ab7e975d8585,Uribe
171f3894475205934081598b,Uribe
65bc915a3630be6750737514,Lopez
6a5bdc21951a97a19df3829f,Uribe
94bec4687b1c50b28891cc77,Petro
389514ee14ebd22dfc8a2271,Uribe
9fbb2f14da597613861de5cb,Lopez
a9262162cf3488b3f6129ff4,Lopez
00e9dbdfb6655f7bc5dba272,Uribe
a89071dd24b6e9f14bbe4df4,Uribe
c2bcf4094f0c778ccb8fbbc0,Uribe
8e78a20a5a99edb4ef07f477,Lopez
f1acae80ca21d82a1949d54b,Uribe
ba19028f0bcb4ec5b6db7690,Lopez
a6e8d91b208ebbd3a471ff93,Uribe
729ca60dc4040b9888fd1cb6,Lopez
3d6433a00642fda14d072ef8,Lopez
7a118fcca55dccfd9b13cecd,Petro
abe218b7de93543bb97c282e,Uribe
52201a18388af759e9b2fce2,Uribe
6800208864373cdc7adc6d64,Lopez
2372f138c8b2861e3f63df57,Lopez
8d18769db4431c7453dd117e,Uribe
76510682982319611a8b9edf,Petro
444a9ed179742aa54e21d539,Petro
24d6423befe6477c02c177c2,Uribe
6953ee6722ab84a5ad9183e5,Petro
abe2a2f51b211d5e06a0bf3e,Uribe
ce76d2ab51ae13c783f10ad6,Lopez
a88db40ea15d921af69f6fc0,Petro
503018dd4e8e11569cec9db6,Uribe
eaf96846092dfd83ef8f2ac6,Uribe
d4d19616fad3a0d9394ac550,Uribe
fd1dfd57f7782d46a6ce7885,Uribe
665c240fe507c35998947863,Lopez
1082d6f12e681750e61e6747,Uribe
fd95f9ab85fab0edfc3cd429,Petro
e5463b4eaf4f53690b03ffb7,Uribe
b758f0f852fa160b9aab8f95,Lopez
b1c0444e13e9f111a4a5b951,Uribe
91384fd0fd7275474671b01c,Uribe
c9577126ee778c9d787386bf,Petro
30860c2a3e62f01515950037,Petro
aa367f37294bcd1d24164fcf,Petro
e0727153da284ff0e8d5b65c,Uribe
5e5d6739f348985c39a9b2c1,Petro
b6a4016a99adaf35f4b4651b,Petro
7292ae7339d4cf6e9d1073ac,Lopez
88bf6f5c8c991024713b6070,Lopez
a6c6914757537449074c9030,Lopez
aa61f6130cde325082fb3418,Petro
d44eb9dc74a99d09e8c00994,Petro
676a9db8c42a198744983633,Petro
df04f4526c2e2a80d1de0542,Uribe
184fce1964668794f2751579,Lopez
9c0e735c76e6f68dcf8a4aa5,Lopez
fbc170cb7cc43f11a0cc3a49,Lopez
1a184632e45623ce599f86cd,Lopez
329e2b95d276256c22f534c5,Uribe
e4b93a51900af75392c21760,Lopez
1c3980627534c8c13903e8ca,Petro
205b42f2d65b49e74d189cb8,Uribe
70aecce8bfd79329f59cb8b5,Uribe
a92f5f7cb77ca861278171d3,Lopez
873fadcc777a5ae311151615,Petro
8326ba57ebf5e9378921b9d1,Uribe
09fc5a68ca09d01551525428,Uribe
6b3eb1885406d98713e961aa,Uribe
62b5706176486ea185b27204,Lopez
edb9457bbdd5ebc5dee9b0d4,Petro
b1a026a99b8344ff37d3720f,Petro
6e423abaa26216ae4f98cac2,Petro
40a79832fc49a8dc8927351f,Lopez
bfa9953b6520e1e4d1ea72df,Uribe
47e2def726102adf0d290084,Lopez
a9370e077195d05a4e5c06b9,Lopez
16e353357bd08fbc0aac464a,Lopez
6095f9d9477be5c49ef038c0,Lopez
fd3e620cad385a632b38fca1,Uribe
eb95590118bc5cd6481cdfa5,Lopez
450d20edebd6c480977681e8,Uribe
3e1925b688293b8f44bf1585,Lopez
528a0cd2d03b39e466031545,Petro
893685c3672b2ba42218f6b8,Uribe
92b3e3e548a7a956725171a3,Petro
a9c50da95805f81e4c78c72f,Petro
380bf391f1dfa35b4c653a13,Lopez
9b9b87f62b1dff049e0f84ff,Lopez
29a704ed5770491eaa5a3a65,Lopez
1bdb4ce5e6cfa41ed13a95d3,Lopez
239e48c829be38c1325325e0,Petro
d73d1c5084cd50ff7d3f4562,Petro
f2a7ae2f4c4197d34cc2c7bb,Petro
3e2a519133f69997a5e66b80,Lopez
46044462524492dbcc191ba0,Petro
8a1d736b5275fc0a72e9a36a,Lopez
d2da12d0a5831067b6232d3a,Petro
3694217c616bf34d8f361d97,Uribe
5b0428529b831aa460a8c68d,Lopez
208dba58874363afae41c68b,Lopez
d6403f449862d48355452baa,Lopez
3f27bc415dcd205ae05d8a87,Uribe
40cd5add379dd7567fcaf93b,Uribe
1ba508d3d0fbb27632f9662c,Uribe
a18a84aeb3df13a07affcbf0,Uribe
2d0dfe1f6b75197379993674,Petro
3dabd85f43f0c72a7241156b,Uribe
4e90705a93461aa8447da205,Petro
cf4fb1feaf564ac0960fe208,Petro
78ac995fd87b221f0512a241,Lopez
1602ffb37e4d3acc7e09fb1a,Petro
c4605313fbb89990fa490df0,Uribe
b162a509114dbb6fdac556fd,Petro
eb8a7b073fae0a68e935701d,Petro
4ac2c70c177798e36d229315,Uribe
aa132ea9c27f603fc9d69e50,Lopez
d3f9e96b1be5f4c0665dd275,Lopez
438db2de956fa4336469284a,Uribe
64420cfd745601580762d778,Uribe
b511e87746e7ca18c980cc7a,Lopez
95978427deb218d6c79ca862,Uribe
7fbfe75c6fa5e1dc11201cd5,Uribe
2f5d28946d78fc297fdcb344,Lopez
213da181b9c33ede12606ec0,Lopez
78fa1d639a6cea5a0d7aa484,Uribe
e046577b63502c76d3f2d4e7,Lopez
cfb74efdd1f98391d60a02ff,Uribe
4d686e6b744b433c504adc12,Uribe
55e49b503070b11cc0e6e981,Petro
e464203eb61614f41eba37dc,Uribe
0bf0c0f94e66ae400e8a0cac,Petro
c8bf9a41c85b10577a32808b,Uribe
11cfd1ba4d68b7dd2284423e,Petro
3ebcc49291e072bcda8214b5,Uribe
bdf7b78c859ad11cd4689a4f,Lopez
e73db7441c6d1f357f8ef751,Uribe
84471524c11dc087cb996380,Lopez
d0a5c746ed3713f86e3d8dbb,Petro
7eebd17109159b00b379c590,Lopez
acc9a44f32b10a79ad5ec373,Petro
b87999b045a8e42473a4223b,Uribe
6e272b8a5e97e9ca13646622,Lopez
1f374643c677253be190ecd0,Uribe
3bec0b4b69700d03b48ec597,Uribe
f1f5054f148086529167a362,Uribe
eca379ddfe1e7756f6d08da3,Lopez
2dcf715abdb08f7a8a950093,Lopez
320000e1597997556bc4cba1,Petro
4c6cd682adb2a12488d1eaba,Lopez
a43676f729f4550d6dec1162,Petro
cc08120e1ed7b99d80e8e75f,Uribe
73622ea318f0c6ae4a2e729f,Petro
9e92dd7f08394cc074e10133,Lopez
720f6e50c6a8d1aeea69eb2d,Petro
28e1ac25f577afc6960cca43,Uribe
a050fb84844ef6382905d75b,Uribe
0d8b0cc822434a99752313de,Petro
4318c9a6e728ee54459e5648,Uribe
93985ce2128267902ab2f3a6,Uribe
9dc671a7144260fff933d7b6,Petro
33bc0288e9ffc0a5ddb166fb,Petro
7f01f57478300891f49692b9,Petro
ce18e7202071fb01a3b80e48,Lopez
96ae7fb72ca931a44683984f,Lopez
6c02430dcfc5654cab74cbaa,Lopez
dd18e3e0b0ee0046049163e2,Uribe
393451771c9779bd1761a19c,Uribe
45e8a0768b140fc740d2239a,Uribe
2117836373374cfd344c0f68,Petro
27e5603395a5663a3d4bcff0,Uribe
6888ca751b76094fa8ca43d3,Uribe
dbe82d8f04b17f149504b01c,Lopez
f232309780ab901f57d253c6,Lopez
4b3ae5f10c916ff8c8e1e189,Petro
03c0d33e350706523c868aa7,Lopez
98940b78c4b3a8ffcccb986d,Petro
2fa2a391045c59c0e1842f2a,Uribe
dd8e51bb8a000d3a2f4851a3,Lopez
a74b72954003fbd25032392c,Uribe
ecfe925e7dfdfe870a162b4b,Petro
4b33aaac6b86e813138e43c2,Lopez
2365a42314594f6653e421d8,Petro
3a241b35b5c829bd9c444082,Uribe
b77d9c3770b7ccf7f5244304,Uribe
dbb01621bf4307934d598f59,Petro
751b4924c0c0ad24c3211018,Uribe
5aff2932e8db7ec9a4a9df49,Lopez
35914a07c4da8bb440cd59e1,Petro
4d0e45ca46e29dcde0415758,Lopez
465d6e0290f97c28c473b4b2,Petro
c98f30285214247479398f41,Petro
f5f4d1d88bcc71029993a329,Petro
8d5f80dc62d6f8fbaee3eeb0,Lopez
0b02420e24252e511e1fb558,Uribe
4b2649e0f3fa6327f6a6b32c,Lopez
2fe78bd294e39e7899d74834,Petro
6f9623c6bc16d7e18af18870,Petro
ccfdaf745be259c90f009766,Lopez
e501a5c5133851aade46f561,Petro
9d9cb8ce77a4375972452d8c,Lopez
aea2fb977c02baa816d46ce1,Lopez
1ad061ef94452c954a75ed71,Uribe
f172bd4c17af691779e00d28,Lopez
cf701b65c60ec2172e032a61,Petro
414a96c15847d92e50f8269f,Uribe
dfb0fac9cab5a89e378c153b,Uribe
219d66f9145a7b891f2d5c21,Uribe
7564936fa28bf0343e91b1ee,Lopez
6e97c3d4aea5ad863db9bb67,Lopez
af56d7163c46a9e48190866d,Lopez
e402b90f906c701bd75593fb,Lopez
fffe701691bdd6d9ef9eb65b,Lopez
f3a6a17431da57cff7f85efb,Uribe
cbc60130a215dbedf7273549,Petro
ba859d819f2ce5beb331ceab,Lopez
cf89bb47ebea17b8add5e47f,Uribe
5b41498fd435ed62c7620dc6,Uribe
1add7886c67d8f5b462455d2,Uribe
186e5dcdd6acb9c8376e8164,Lopez
6ffae8ef31940a21629c9952,Uribe
0ef08f770041479118d2edd1,Lopez
08835954392b33b68885daff,Uribe
ee32c534519e3956762b5e27,Uribe
